text,label
Contract effective 01/12/2023. Terms and conditions apply.,contract
Receipt #6718 Thank you for your purchase. Total $2852.28.,receipt
Identification Card ID-9315. Issued on 05/03/2024.,id
Transaction ID 3672. Paid $1937.84 via credit card.,receipt
Invoice #2059 Total Due $3804.26. Payment due within 30 days.,invoice
Invoice Number 4226. Subtotal $4369.7. Please remit payment.,invoice
This legally binding agreement outlines obligations of both parties.,contract
Identification Card ID-5033. Issued on 11/18/2022.,id
Invoice Number 3704. Subtotal $424.64. Please remit payment.,invoice
Receipt #7055 Thank you for your purchase. Total $4173.91.,receipt
Identification Card ID-4339. Issued on 05/03/2024.,id
Receipt #6508 Thank you for your purchase. Total $4090.11.,receipt
Store receipt. Order 6224. Amount $2866.65.,receipt
Driver License Number D1364. Date of Birth 01/12/2023.,id
Invoice #2569 Total Due $527.27. Payment due within 45 days.,invoice
This legally binding agreement outlines obligations of both parties.,contract
Invoice #2962 Total Due $2132.46. Payment due within 30 days.,invoice
Contract effective 05/03/2024. Terms and conditions apply.,contract
Contract effective 05/03/2024. Terms and conditions apply.,contract
Contract effective 05/03/2024. Terms and conditions apply.,contract
Invoice Number 1464. Subtotal $1574.73. Please remit payment.,invoice
Driver License Number D9237. Date of Birth 01/12/2023.,id
Receipt #5346 Thank you for your purchase. Total $4965.14.,receipt
Invoice Number 8475. Subtotal $2026.17. Please remit payment.,invoice
Store receipt. Order 4498. Amount $2589.68.,receipt
This legally binding agreement outlines obligations of both parties.,contract
Store receipt. Order 1500. Amount $3592.58.,receipt
Bill To: Customer 5988. Amount Due $4062.78. Invoice Date 11/18/2022.,invoice
Invoice Number 6270. Subtotal $710.22. Please remit payment.,invoice
Store receipt. Order 6067. Amount $50.38.,receipt
Invoice #1803 Total Due $3582.67. Payment due within 15 days.,invoice
Invoice #1663 Total Due $3516.66. Payment due within 45 days.,invoice
Invoice Number 6375. Subtotal $3878.73. Please remit payment.,invoice
Identification Card ID-1307. Issued on 11/18/2022.,id
Government issued ID number 6504.,id
Invoice Number 5440. Subtotal $45.8. Please remit payment.,invoice
Identification Card ID-5328. Issued on 01/12/2023.,id
Bill To: Customer 2447. Amount Due $2388.37. Invoice Date 05/03/2024.,invoice
Receipt #1236 Thank you for your purchase. Total $1186.6.,receipt
Government issued ID number 3619.,id
Receipt #4395 Thank you for your purchase. Total $2427.97.,receipt
Driver License Number D2064. Date of Birth 11/18/2022.,id
Contract effective 11/18/2022. Terms and conditions apply.,contract
Receipt #2293 Thank you for your purchase. Total $4007.74.,receipt
Transaction ID 3463. Paid $3839.49 via credit card.,receipt
This legally binding agreement outlines obligations of both parties.,contract
Transaction ID 7036. Paid $1811.07 via credit card.,receipt
Receipt #5659 Thank you for your purchase. Total $1658.1.,receipt
Transaction ID 8450. Paid $4021.02 via credit card.,receipt
Invoice #7041 Total Due $2864.62. Payment due within 15 days.,invoice
Bill To: Customer 8704. Amount Due $1276.69. Invoice Date 05/03/2024.,invoice
Bill To: Customer 8453. Amount Due $1828.89. Invoice Date 05/03/2024.,invoice
Receipt #5035 Thank you for your purchase. Total $278.93.,receipt
Transaction ID 7056. Paid $1191.84 via credit card.,receipt
Invoice Number 4170. Subtotal $205.32. Please remit payment.,invoice
This agreement is made on 01/12/2023 between Party A and Party B.,contract
Invoice #5275 Total Due $4357.36. Payment due within 45 days.,invoice
Store receipt. Order 5878. Amount $30.63.,receipt
Contract effective 05/03/2024. Terms and conditions apply.,contract
Contract effective 05/03/2024. Terms and conditions apply.,contract
This agreement is made on 05/03/2024 between Party A and Party B.,contract
Bill To: Customer 9149. Amount Due $3655.64. Invoice Date 05/03/2024.,invoice
Bill To: Customer 5465. Amount Due $4876.81. Invoice Date 01/12/2023.,invoice
Transaction ID 1495. Paid $4716.83 via credit card.,receipt
This legally binding agreement outlines obligations of both parties.,contract
Identification Card ID-9619. Issued on 11/18/2022.,id
Bill To: Customer 7132. Amount Due $1499.11. Invoice Date 11/18/2022.,invoice
Identification Card ID-6963. Issued on 01/12/2023.,id
Receipt #6342 Thank you for your purchase. Total $4149.03.,receipt
Identification Card ID-3950. Issued on 05/03/2024.,id
Contract effective 01/12/2023. Terms and conditions apply.,contract
Government issued ID number 8501.,id
Bill To: Customer 9038. Amount Due $4943.74. Invoice Date 05/03/2024.,invoice
This agreement is made on 05/03/2024 between Party A and Party B.,contract
Driver License Number D9672. Date of Birth 11/18/2022.,id
This legally binding agreement outlines obligations of both parties.,contract
Store receipt. Order 8409. Amount $2311.74.,receipt
Transaction ID 7830. Paid $4786.65 via credit card.,receipt
Invoice #4078 Total Due $3020.88. Payment due within 45 days.,invoice
Transaction ID 2142. Paid $2703.99 via credit card.,receipt
Government issued ID number 7669.,id
This agreement is made on 05/03/2024 between Party A and Party B.,contract
Invoice #8501 Total Due $4528.04. Payment due within 45 days.,invoice
This legally binding agreement outlines obligations of both parties.,contract
Identification Card ID-1392. Issued on 01/12/2023.,id
Transaction ID 7973. Paid $1924.58 via credit card.,receipt
Identification Card ID-6213. Issued on 01/12/2023.,id
This agreement is made on 01/12/2023 between Party A and Party B.,contract
Receipt #2494 Thank you for your purchase. Total $1146.33.,receipt
Invoice #9075 Total Due $1967.58. Payment due within 15 days.,invoice
Government issued ID number 9367.,id
Contract effective 01/12/2023. Terms and conditions apply.,contract
This agreement is made on 11/18/2022 between Party A and Party B.,contract
Identification Card ID-1276. Issued on 05/03/2024.,id
This legally binding agreement outlines obligations of both parties.,contract
Invoice Number 6094. Subtotal $136.88. Please remit payment.,invoice
Identification Card ID-1162. Issued on 11/18/2022.,id
Identification Card ID-8483. Issued on 01/12/2023.,id
Driver License Number D6841. Date of Birth 01/12/2023.,id
Transaction ID 6818. Paid $1374.38 via credit card.,receipt
Transaction ID 7600. Paid $470.49 via credit card.,receipt
Receipt #5487 Thank you for your purchase. Total $922.05.,receipt
Government issued ID number 5419.,id
Driver License Number D3659. Date of Birth 01/12/2023.,id
Store receipt. Order 1513. Amount $2158.91.,receipt
Contract effective 05/03/2024. Terms and conditions apply.,contract
Transaction ID 9341. Paid $4644.64 via credit card.,receipt
Contract effective 01/12/2023. Terms and conditions apply.,contract
Government issued ID number 7220.,id
Invoice #7942 Total Due $2998.79. Payment due within 45 days.,invoice
This agreement is made on 05/03/2024 between Party A and Party B.,contract
Receipt #9101 Thank you for your purchase. Total $2435.52.,receipt
Store receipt. Order 7131. Amount $2981.53.,receipt
Contract effective 11/18/2022. Terms and conditions apply.,contract
Contract effective 05/03/2024. Terms and conditions apply.,contract
This agreement is made on 01/12/2023 between Party A and Party B.,contract
Driver License Number D7702. Date of Birth 01/12/2023.,id
Invoice #6619 Total Due $2640.25. Payment due within 15 days.,invoice
This agreement is made on 01/12/2023 between Party A and Party B.,contract
Transaction ID 8890. Paid $3235.9 via credit card.,receipt
Contract effective 11/18/2022. Terms and conditions apply.,contract
Invoice #2359 Total Due $2127.53. Payment due within 45 days.,invoice
Invoice #2525 Total Due $2508.57. Payment due within 30 days.,invoice
Invoice #4111 Total Due $2233.49. Payment due within 15 days.,invoice
This legally binding agreement outlines obligations of both parties.,contract
Transaction ID 5696. Paid $4993.96 via credit card.,receipt
Invoice #2443 Total Due $1811.09. Payment due within 30 days.,invoice
Bill To: Customer 7061. Amount Due $1332.29. Invoice Date 11/18/2022.,invoice
Driver License Number D9135. Date of Birth 01/12/2023.,id
Government issued ID number 2992.,id
This legally binding agreement outlines obligations of both parties.,contract
This legally binding agreement outlines obligations of both parties.,contract
Store receipt. Order 2197. Amount $3500.95.,receipt
This agreement is made on 01/12/2023 between Party A and Party B.,contract
Driver License Number D6641. Date of Birth 01/12/2023.,id
Invoice Number 8281. Subtotal $443.16. Please remit payment.,invoice
Receipt #5545 Thank you for your purchase. Total $938.49.,receipt
Identification Card ID-5153. Issued on 05/03/2024.,id
This legally binding agreement outlines obligations of both parties.,contract
Invoice #7434 Total Due $2698.15. Payment due within 30 days.,invoice
Transaction ID 4047. Paid $2420.08 via credit card.,receipt
Transaction ID 4875. Paid $4075.18 via credit card.,receipt
Invoice Number 1791. Subtotal $3725.94. Please remit payment.,invoice
Identification Card ID-9615. Issued on 01/12/2023.,id
Receipt #1412 Thank you for your purchase. Total $3241.29.,receipt
Receipt #7638 Thank you for your purchase. Total $1320.44.,receipt
Bill To: Customer 1477. Amount Due $425.71. Invoice Date 01/12/2023.,invoice
Government issued ID number 9440.,id
Bill To: Customer 5548. Amount Due $1585.51. Invoice Date 05/03/2024.,invoice
Government issued ID number 6559.,id
Invoice Number 4598. Subtotal $4862.15. Please remit payment.,invoice
Transaction ID 7523. Paid $856.42 via credit card.,receipt
Transaction ID 9990. Paid $4571.96 via credit card.,receipt
Contract effective 11/18/2022. Terms and conditions apply.,contract
Invoice #9557 Total Due $1777.89. Payment due within 15 days.,invoice
Invoice Number 9498. Subtotal $1115.41. Please remit payment.,invoice
This legally binding agreement outlines obligations of both parties.,contract
Contract effective 11/18/2022. Terms and conditions apply.,contract
Contract effective 11/18/2022. Terms and conditions apply.,contract
Invoice Number 9244. Subtotal $3669.27. Please remit payment.,invoice
Government issued ID number 3030.,id
Contract effective 11/18/2022. Terms and conditions apply.,contract
Identification Card ID-3107. Issued on 05/03/2024.,id
This agreement is made on 01/12/2023 between Party A and Party B.,contract
Receipt #9785 Thank you for your purchase. Total $2183.99.,receipt
Transaction ID 8587. Paid $192.09 via credit card.,receipt
Receipt #3135 Thank you for your purchase. Total $792.78.,receipt
Driver License Number D3939. Date of Birth 11/18/2022.,id
This agreement is made on 01/12/2023 between Party A and Party B.,contract
Bill To: Customer 3671. Amount Due $3695.41. Invoice Date 11/18/2022.,invoice
Store receipt. Order 8874. Amount $1300.55.,receipt
Identification Card ID-1765. Issued on 11/18/2022.,id
Store receipt. Order 5969. Amount $1779.01.,receipt
Government issued ID number 4907.,id
Receipt #7113 Thank you for your purchase. Total $4942.8.,receipt
Government issued ID number 6776.,id
Store receipt. Order 9127. Amount $1133.24.,receipt
Bill To: Customer 5968. Amount Due $2785.72. Invoice Date 01/12/2023.,invoice
Contract effective 05/03/2024. Terms and conditions apply.,contract
Transaction ID 6193. Paid $3912.79 via credit card.,receipt
This agreement is made on 01/12/2023 between Party A and Party B.,contract
Invoice #2633 Total Due $203.76. Payment due within 30 days.,invoice
Bill To: Customer 7069. Amount Due $2234.43. Invoice Date 05/03/2024.,invoice
Invoice Number 7097. Subtotal $2783.1. Please remit payment.,invoice
Transaction ID 6480. Paid $2207.62 via credit card.,receipt
Invoice #4591 Total Due $4102.67. Payment due within 45 days.,invoice
Transaction ID 1977. Paid $1771.5 via credit card.,receipt
This agreement is made on 05/03/2024 between Party A and Party B.,contract
Identification Card ID-8750. Issued on 01/12/2023.,id
Driver License Number D5697. Date of Birth 01/12/2023.,id
This agreement is made on 01/12/2023 between Party A and Party B.,contract
Transaction ID 9639. Paid $4040.9 via credit card.,receipt
Government issued ID number 4222.,id
Receipt #8276 Thank you for your purchase. Total $4442.0.,receipt
Invoice #5614 Total Due $1826.44. Payment due within 15 days.,invoice
Bill To: Customer 8021. Amount Due $3813.76. Invoice Date 11/18/2022.,invoice
Invoice #9311 Total Due $3531.6. Payment due within 30 days.,invoice
Transaction ID 4797. Paid $2284.24 via credit card.,receipt
This legally binding agreement outlines obligations of both parties.,contract
Bill To: Customer 9546. Amount Due $506.11. Invoice Date 05/03/2024.,invoice
Transaction ID 9447. Paid $198.27 via credit card.,receipt
Receipt #6563 Thank you for your purchase. Total $4745.92.,receipt
Invoice #4511 Total Due $543.33. Payment due within 15 days.,invoice
Driver License Number D5340. Date of Birth 05/03/2024.,id
Bill To: Customer 3129. Amount Due $4756.59. Invoice Date 05/03/2024.,invoice
Identification Card ID-6246. Issued on 05/03/2024.,id
This legally binding agreement outlines obligations of both parties.,contract
Driver License Number D2061. Date of Birth 01/12/2023.,id
Government issued ID number 2176.,id
Store receipt. Order 1733. Amount $297.66.,receipt
Receipt #4036 Thank you for your purchase. Total $2122.23.,receipt
Contract effective 11/18/2022. Terms and conditions apply.,contract
Receipt #3532 Thank you for your purchase. Total $2697.96.,receipt
Transaction ID 6139. Paid $640.76 via credit card.,receipt
Store receipt. Order 6494. Amount $4516.36.,receipt
Invoice Number 1912. Subtotal $1145.56. Please remit payment.,invoice
This agreement is made on 01/12/2023 between Party A and Party B.,contract
This agreement is made on 01/12/2023 between Party A and Party B.,contract
Receipt #4340 Thank you for your purchase. Total $2541.21.,receipt
Government issued ID number 1837.,id
Invoice Number 7230. Subtotal $1795.97. Please remit payment.,invoice
Receipt #9636 Thank you for your purchase. Total $2874.99.,receipt
Contract effective 05/03/2024. Terms and conditions apply.,contract
Invoice #8206 Total Due $2050.89. Payment due within 30 days.,invoice
Bill To: Customer 3827. Amount Due $3748.97. Invoice Date 05/03/2024.,invoice
Invoice #5806 Total Due $4548.16. Payment due within 30 days.,invoice
Invoice Number 4987. Subtotal $2825.97. Please remit payment.,invoice
Bill To: Customer 6515. Amount Due $4587.36. Invoice Date 11/18/2022.,invoice
This agreement is made on 05/03/2024 between Party A and Party B.,contract
Contract effective 01/12/2023. Terms and conditions apply.,contract
Contract effective 11/18/2022. Terms and conditions apply.,contract
Invoice #8357 Total Due $2865.08. Payment due within 30 days.,invoice
Contract effective 11/18/2022. Terms and conditions apply.,contract
Receipt #7019 Thank you for your purchase. Total $3227.88.,receipt
Receipt #4786 Thank you for your purchase. Total $2654.23.,receipt
Invoice #4402 Total Due $3526.19. Payment due within 15 days.,invoice
Invoice #7903 Total Due $4699.43. Payment due within 15 days.,invoice
Invoice Number 4079. Subtotal $3133.96. Please remit payment.,invoice
Driver License Number D4120. Date of Birth 01/12/2023.,id
Driver License Number D8238. Date of Birth 05/03/2024.,id
Government issued ID number 3662.,id
Government issued ID number 5280.,id
This legally binding agreement outlines obligations of both parties.,contract
Bill To: Customer 9671. Amount Due $950.93. Invoice Date 01/12/2023.,invoice
Identification Card ID-1116. Issued on 01/12/2023.,id
Store receipt. Order 5512. Amount $1464.99.,receipt
Contract effective 11/18/2022. Terms and conditions apply.,contract
Receipt #9083 Thank you for your purchase. Total $3003.48.,receipt
Invoice Number 7753. Subtotal $386.1. Please remit payment.,invoice
Contract effective 01/12/2023. Terms and conditions apply.,contract
Invoice #7488 Total Due $897.78. Payment due within 45 days.,invoice
Receipt #9435 Thank you for your purchase. Total $843.56.,receipt
Driver License Number D1608. Date of Birth 11/18/2022.,id
Transaction ID 4771. Paid $3786.26 via credit card.,receipt
Identification Card ID-8969. Issued on 05/03/2024.,id
Driver License Number D4129. Date of Birth 05/03/2024.,id
Transaction ID 3779. Paid $60.28 via credit card.,receipt
Bill To: Customer 6387. Amount Due $4636.45. Invoice Date 11/18/2022.,invoice
Invoice #2282 Total Due $954.89. Payment due within 30 days.,invoice
Bill To: Customer 4699. Amount Due $461.42. Invoice Date 11/18/2022.,invoice
Store receipt. Order 5104. Amount $452.58.,receipt
Government issued ID number 7546.,id
Identification Card ID-3572. Issued on 05/03/2024.,id
This legally binding agreement outlines obligations of both parties.,contract
Invoice #2734 Total Due $682.19. Payment due within 30 days.,invoice
Store receipt. Order 4619. Amount $2161.4.,receipt
Identification Card ID-3185. Issued on 11/18/2022.,id
This agreement is made on 01/12/2023 between Party A and Party B.,contract
Driver License Number D1037. Date of Birth 11/18/2022.,id
Invoice #3188 Total Due $2570.35. Payment due within 45 days.,invoice
This agreement is made on 05/03/2024 between Party A and Party B.,contract
Invoice Number 1509. Subtotal $3405.82. Please remit payment.,invoice
Store receipt. Order 7790. Amount $2115.1.,receipt
Receipt #3660 Thank you for your purchase. Total $900.62.,receipt
Driver License Number D9405. Date of Birth 11/18/2022.,id
Transaction ID 1169. Paid $3465.87 via credit card.,receipt
This agreement is made on 01/12/2023 between Party A and Party B.,contract
Receipt #7753 Thank you for your purchase. Total $3560.46.,receipt
This legally binding agreement outlines obligations of both parties.,contract
Bill To: Customer 4603. Amount Due $4525.71. Invoice Date 11/18/2022.,invoice
Store receipt. Order 6456. Amount $703.69.,receipt
Receipt #9164 Thank you for your purchase. Total $3836.56.,receipt
Driver License Number D1893. Date of Birth 05/03/2024.,id
Contract effective 05/03/2024. Terms and conditions apply.,contract
Receipt #6693 Thank you for your purchase. Total $4836.35.,receipt
Government issued ID number 7015.,id
Driver License Number D3846. Date of Birth 11/18/2022.,id
Bill To: Customer 9099. Amount Due $3365.06. Invoice Date 11/18/2022.,invoice
This legally binding agreement outlines obligations of both parties.,contract
Identification Card ID-4326. Issued on 01/12/2023.,id
Invoice Number 2777. Subtotal $1584.71. Please remit payment.,invoice
Invoice Number 2385. Subtotal $4732.66. Please remit payment.,invoice
Receipt #4642 Thank you for your purchase. Total $4960.14.,receipt
This legally binding agreement outlines obligations of both parties.,contract
Driver License Number D2698. Date of Birth 05/03/2024.,id
Identification Card ID-8849. Issued on 11/18/2022.,id
Invoice #9678 Total Due $3620.27. Payment due within 30 days.,invoice
Invoice #5879 Total Due $4008.98. Payment due within 45 days.,invoice
Invoice #9871 Total Due $4468.66. Payment due within 45 days.,invoice
Receipt #3363 Thank you for your purchase. Total $4160.24.,receipt
Driver License Number D8927. Date of Birth 11/18/2022.,id
Government issued ID number 1379.,id
Identification Card ID-1511. Issued on 05/03/2024.,id
Bill To: Customer 6056. Amount Due $4353.99. Invoice Date 01/12/2023.,invoice
Invoice #2993 Total Due $1665.64. Payment due within 30 days.,invoice
Driver License Number D4147. Date of Birth 05/03/2024.,id
Receipt #4621 Thank you for your purchase. Total $1021.36.,receipt
Contract effective 05/03/2024. Terms and conditions apply.,contract
Invoice Number 3029. Subtotal $2470.16. Please remit payment.,invoice
Transaction ID 2522. Paid $672.54 via credit card.,receipt
Driver License Number D9872. Date of Birth 05/03/2024.,id
Driver License Number D9787. Date of Birth 11/18/2022.,id
Receipt #1707 Thank you for your purchase. Total $4183.06.,receipt
Invoice Number 7352. Subtotal $141.16. Please remit payment.,invoice
Store receipt. Order 7598. Amount $317.62.,receipt
This legally binding agreement outlines obligations of both parties.,contract
Invoice Number 4680. Subtotal $2913.46. Please remit payment.,invoice
Contract effective 05/03/2024. Terms and conditions apply.,contract
Store receipt. Order 1969. Amount $1344.09.,receipt
Invoice Number 3762. Subtotal $867.98. Please remit payment.,invoice
Receipt #3174 Thank you for your purchase. Total $2357.99.,receipt
Bill To: Customer 8861. Amount Due $4051.66. Invoice Date 01/12/2023.,invoice
Transaction ID 5789. Paid $3048.35 via credit card.,receipt
Driver License Number D7253. Date of Birth 11/18/2022.,id
Identification Card ID-8157. Issued on 05/03/2024.,id
Invoice Number 7076. Subtotal $4620.78. Please remit payment.,invoice
Driver License Number D8469. Date of Birth 11/18/2022.,id
Driver License Number D9400. Date of Birth 05/03/2024.,id
Invoice Number 2300. Subtotal $1468.72. Please remit payment.,invoice
This agreement is made on 11/18/2022 between Party A and Party B.,contract
Receipt #5123 Thank you for your purchase. Total $2314.05.,receipt
Contract effective 11/18/2022. Terms and conditions apply.,contract
Transaction ID 9535. Paid $2643.39 via credit card.,receipt
Receipt #2747 Thank you for your purchase. Total $1094.45.,receipt
Bill To: Customer 5517. Amount Due $3464.11. Invoice Date 01/12/2023.,invoice
Store receipt. Order 5589. Amount $2234.68.,receipt
Driver License Number D1154. Date of Birth 01/12/2023.,id
Identification Card ID-1083. Issued on 11/18/2022.,id
Store receipt. Order 6900. Amount $4792.51.,receipt
Bill To: Customer 2823. Amount Due $988.33. Invoice Date 11/18/2022.,invoice
Invoice Number 7389. Subtotal $843.09. Please remit payment.,invoice
Identification Card ID-2454. Issued on 11/18/2022.,id
This legally binding agreement outlines obligations of both parties.,contract
Bill To: Customer 7474. Amount Due $311.13. Invoice Date 01/12/2023.,invoice
Driver License Number D5878. Date of Birth 05/03/2024.,id
Invoice Number 8411. Subtotal $70.26. Please remit payment.,invoice
Bill To: Customer 2986. Amount Due $1049.41. Invoice Date 05/03/2024.,invoice
Receipt #2652 Thank you for your purchase. Total $269.39.,receipt
Receipt #9817 Thank you for your purchase. Total $2080.76.,receipt
Store receipt. Order 1790. Amount $1956.11.,receipt
Store receipt. Order 7474. Amount $186.32.,receipt
Store receipt. Order 4661. Amount $2402.15.,receipt
Invoice #3471 Total Due $3188.65. Payment due within 45 days.,invoice
This agreement is made on 11/18/2022 between Party A and Party B.,contract
Contract effective 05/03/2024. Terms and conditions apply.,contract
This agreement is made on 01/12/2023 between Party A and Party B.,contract
This legally binding agreement outlines obligations of both parties.,contract
Transaction ID 1250. Paid $4815.99 via credit card.,receipt
Invoice #1834 Total Due $1089.31. Payment due within 45 days.,invoice
Transaction ID 2826. Paid $1315.74 via credit card.,receipt
Government issued ID number 9458.,id
Invoice #2310 Total Due $3149.29. Payment due within 30 days.,invoice
Transaction ID 9624. Paid $1136.31 via credit card.,receipt
This legally binding agreement outlines obligations of both parties.,contract
Identification Card ID-3951. Issued on 01/12/2023.,id
Invoice #2477 Total Due $1314.06. Payment due within 15 days.,invoice
Transaction ID 6655. Paid $3672.37 via credit card.,receipt
Government issued ID number 9593.,id
Identification Card ID-9280. Issued on 05/03/2024.,id
This agreement is made on 05/03/2024 between Party A and Party B.,contract
Store receipt. Order 9780. Amount $378.27.,receipt
Invoice #4117 Total Due $1026.65. Payment due within 45 days.,invoice
Invoice #2679 Total Due $2053.64. Payment due within 15 days.,invoice
Store receipt. Order 9539. Amount $1435.94.,receipt
Government issued ID number 1241.,id
Store receipt. Order 2162. Amount $2546.06.,receipt
Invoice #4228 Total Due $4241.84. Payment due within 45 days.,invoice
Bill To: Customer 7027. Amount Due $980.33. Invoice Date 01/12/2023.,invoice
This agreement is made on 11/18/2022 between Party A and Party B.,contract
Invoice #5273 Total Due $3522.47. Payment due within 15 days.,invoice
Invoice #1892 Total Due $2811.89. Payment due within 15 days.,invoice
Receipt #8990 Thank you for your purchase. Total $4461.58.,receipt
This agreement is made on 11/18/2022 between Party A and Party B.,contract
Bill To: Customer 1563. Amount Due $3356.88. Invoice Date 11/18/2022.,invoice
Transaction ID 5276. Paid $1167.25 via credit card.,receipt
Driver License Number D5834. Date of Birth 11/18/2022.,id
Store receipt. Order 1373. Amount $4743.94.,receipt
Contract effective 05/03/2024. Terms and conditions apply.,contract
Contract effective 11/18/2022. Terms and conditions apply.,contract
Driver License Number D4096. Date of Birth 05/03/2024.,id
This agreement is made on 05/03/2024 between Party A and Party B.,contract
Receipt #4101 Thank you for your purchase. Total $3084.1.,receipt
Invoice #4822 Total Due $1483.28. Payment due within 30 days.,invoice
This agreement is made on 05/03/2024 between Party A and Party B.,contract
Invoice Number 9421. Subtotal $3439.83. Please remit payment.,invoice
Contract effective 11/18/2022. Terms and conditions apply.,contract
Receipt #2762 Thank you for your purchase. Total $1959.19.,receipt
Invoice #1840 Total Due $2572.26. Payment due within 30 days.,invoice
Contract effective 11/18/2022. Terms and conditions apply.,contract
Transaction ID 9634. Paid $3748.7 via credit card.,receipt
Invoice #3889 Total Due $405.83. Payment due within 30 days.,invoice
Invoice #7865 Total Due $2310.59. Payment due within 45 days.,invoice
Contract effective 01/12/2023. Terms and conditions apply.,contract
Transaction ID 8514. Paid $2283.98 via credit card.,receipt
Transaction ID 8427. Paid $977.13 via credit card.,receipt
Invoice Number 7718. Subtotal $3320.46. Please remit payment.,invoice
Transaction ID 5087. Paid $1911.41 via credit card.,receipt
Receipt #8394 Thank you for your purchase. Total $4437.97.,receipt
Store receipt. Order 1765. Amount $4680.22.,receipt
Invoice #7048 Total Due $3806.31. Payment due within 45 days.,invoice
Invoice #1114 Total Due $171.98. Payment due within 45 days.,invoice
Transaction ID 4262. Paid $652.72 via credit card.,receipt
Transaction ID 6555. Paid $562.75 via credit card.,receipt
This legally binding agreement outlines obligations of both parties.,contract
Bill To: Customer 2789. Amount Due $4483.64. Invoice Date 01/12/2023.,invoice
Receipt #7890 Thank you for your purchase. Total $2367.44.,receipt
Transaction ID 1846. Paid $32.56 via credit card.,receipt
Receipt #8381 Thank you for your purchase. Total $1036.74.,receipt
Identification Card ID-6290. Issued on 01/12/2023.,id
Invoice Number 4324. Subtotal $2336.8. Please remit payment.,invoice
Transaction ID 6724. Paid $4906.8 via credit card.,receipt
Driver License Number D1546. Date of Birth 01/12/2023.,id
Store receipt. Order 7791. Amount $817.41.,receipt
Transaction ID 7830. Paid $3665.67 via credit card.,receipt
Bill To: Customer 4602. Amount Due $1407.16. Invoice Date 11/18/2022.,invoice
Receipt #2496 Thank you for your purchase. Total $1435.71.,receipt
Driver License Number D2498. Date of Birth 11/18/2022.,id
Bill To: Customer 2149. Amount Due $4120.98. Invoice Date 11/18/2022.,invoice
Driver License Number D1428. Date of Birth 11/18/2022.,id
This legally binding agreement outlines obligations of both parties.,contract
Government issued ID number 2681.,id
Receipt #4973 Thank you for your purchase. Total $2802.13.,receipt
Invoice #1527 Total Due $3339.3. Payment due within 15 days.,invoice
Invoice #5207 Total Due $398.58. Payment due within 30 days.,invoice
Invoice #7963 Total Due $2564.33. Payment due within 45 days.,invoice
Invoice Number 7751. Subtotal $3024.89. Please remit payment.,invoice
This agreement is made on 01/12/2023 between Party A and Party B.,contract
Receipt #4225 Thank you for your purchase. Total $1019.98.,receipt
Driver License Number D8906. Date of Birth 11/18/2022.,id
Invoice Number 4167. Subtotal $2786.63. Please remit payment.,invoice
Bill To: Customer 9509. Amount Due $4783.04. Invoice Date 01/12/2023.,invoice
Contract effective 11/18/2022. Terms and conditions apply.,contract
Invoice Number 3522. Subtotal $580.28. Please remit payment.,invoice
Invoice #7505 Total Due $1042.23. Payment due within 45 days.,invoice
Driver License Number D5224. Date of Birth 11/18/2022.,id
Identification Card ID-3528. Issued on 05/03/2024.,id
Receipt #7163 Thank you for your purchase. Total $3440.05.,receipt
Invoice Number 5251. Subtotal $3763.56. Please remit payment.,invoice
Invoice #7238 Total Due $4812.49. Payment due within 45 days.,invoice
Invoice #6386 Total Due $4927.76. Payment due within 15 days.,invoice
This legally binding agreement outlines obligations of both parties.,contract
Invoice Number 7198. Subtotal $1604.88. Please remit payment.,invoice
Invoice Number 7190. Subtotal $3527.56. Please remit payment.,invoice
Driver License Number D1793. Date of Birth 11/18/2022.,id
This agreement is made on 11/18/2022 between Party A and Party B.,contract
Contract effective 05/03/2024. Terms and conditions apply.,contract
Government issued ID number 2576.,id
This legally binding agreement outlines obligations of both parties.,contract
Government issued ID number 5153.,id
Transaction ID 2572. Paid $1267.63 via credit card.,receipt
Bill To: Customer 8402. Amount Due $1991.32. Invoice Date 11/18/2022.,invoice
Contract effective 05/03/2024. Terms and conditions apply.,contract
Invoice Number 1047. Subtotal $4460.3. Please remit payment.,invoice
Receipt #5604 Thank you for your purchase. Total $3216.17.,receipt
Identification Card ID-6796. Issued on 01/12/2023.,id
This agreement is made on 01/12/2023 between Party A and Party B.,contract
Invoice Number 8591. Subtotal $1522.4. Please remit payment.,invoice
Invoice #7082 Total Due $2684.6. Payment due within 15 days.,invoice
Government issued ID number 2511.,id
Invoice Number 2727. Subtotal $1488.19. Please remit payment.,invoice
Receipt #5862 Thank you for your purchase. Total $3822.75.,receipt
Invoice Number 2984. Subtotal $791.83. Please remit payment.,invoice
Bill To: Customer 1521. Amount Due $3903.06. Invoice Date 11/18/2022.,invoice
This agreement is made on 05/03/2024 between Party A and Party B.,contract
Transaction ID 3031. Paid $1908.74 via credit card.,receipt
Government issued ID number 3223.,id
Driver License Number D8457. Date of Birth 05/03/2024.,id
This legally binding agreement outlines obligations of both parties.,contract
Contract effective 01/12/2023. Terms and conditions apply.,contract
Receipt #9894 Thank you for your purchase. Total $4220.34.,receipt
Invoice #9154 Total Due $281.22. Payment due within 45 days.,invoice
Government issued ID number 4844.,id
Driver License Number D3341. Date of Birth 05/03/2024.,id
Driver License Number D5673. Date of Birth 01/12/2023.,id
Receipt #5920 Thank you for your purchase. Total $223.99.,receipt
Store receipt. Order 1570. Amount $2365.49.,receipt
Store receipt. Order 7209. Amount $1677.05.,receipt
Transaction ID 2758. Paid $1555.19 via credit card.,receipt
Driver License Number D1111. Date of Birth 11/18/2022.,id
Contract effective 01/12/2023. Terms and conditions apply.,contract
This legally binding agreement outlines obligations of both parties.,contract
Invoice Number 3824. Subtotal $3829.83. Please remit payment.,invoice
Government issued ID number 9453.,id
This legally binding agreement outlines obligations of both parties.,contract
This agreement is made on 11/18/2022 between Party A and Party B.,contract
Identification Card ID-6505. Issued on 05/03/2024.,id
This legally binding agreement outlines obligations of both parties.,contract
Contract effective 01/12/2023. Terms and conditions apply.,contract
Invoice #1312 Total Due $4289.02. Payment due within 45 days.,invoice
Receipt #1559 Thank you for your purchase. Total $604.46.,receipt
This agreement is made on 11/18/2022 between Party A and Party B.,contract
Transaction ID 5472. Paid $1172.78 via credit card.,receipt
Receipt #1800 Thank you for your purchase. Total $726.58.,receipt
Government issued ID number 2526.,id
Government issued ID number 4839.,id
Receipt #8541 Thank you for your purchase. Total $4863.51.,receipt
Invoice #4882 Total Due $3195.58. Payment due within 30 days.,invoice
Government issued ID number 3694.,id
This agreement is made on 05/03/2024 between Party A and Party B.,contract
Government issued ID number 4822.,id
Identification Card ID-3494. Issued on 11/18/2022.,id
Invoice #9954 Total Due $3429.27. Payment due within 30 days.,invoice
Invoice Number 2618. Subtotal $2895.27. Please remit payment.,invoice
This legally binding agreement outlines obligations of both parties.,contract
Store receipt. Order 4878. Amount $3897.73.,receipt
Store receipt. Order 5139. Amount $505.2.,receipt
Invoice #6321 Total Due $2368.46. Payment due within 15 days.,invoice
Bill To: Customer 6534. Amount Due $1974.27. Invoice Date 05/03/2024.,invoice
Identification Card ID-1415. Issued on 01/12/2023.,id
Driver License Number D6413. Date of Birth 01/12/2023.,id
Government issued ID number 5224.,id
Store receipt. Order 4688. Amount $4152.27.,receipt
Invoice #4013 Total Due $249.88. Payment due within 30 days.,invoice
Contract effective 01/12/2023. Terms and conditions apply.,contract
Driver License Number D1319. Date of Birth 11/18/2022.,id
Store receipt. Order 8690. Amount $217.29.,receipt
This legally binding agreement outlines obligations of both parties.,contract
This legally binding agreement outlines obligations of both parties.,contract
Contract effective 01/12/2023. Terms and conditions apply.,contract
Identification Card ID-4179. Issued on 11/18/2022.,id
Receipt #5233 Thank you for your purchase. Total $741.63.,receipt
This legally binding agreement outlines obligations of both parties.,contract
Invoice Number 6021. Subtotal $2990.17. Please remit payment.,invoice
This agreement is made on 05/03/2024 between Party A and Party B.,contract
This legally binding agreement outlines obligations of both parties.,contract
Contract effective 01/12/2023. Terms and conditions apply.,contract
Identification Card ID-2882. Issued on 11/18/2022.,id
Receipt #1532 Thank you for your purchase. Total $3216.61.,receipt
Transaction ID 1745. Paid $3713.17 via credit card.,receipt
This legally binding agreement outlines obligations of both parties.,contract
